question,answer
"What services does Notionhive offer for web development?","We offer comprehensive web development services including:

- Custom websites and web applications
- E-commerce platforms and online stores  
- Landing pages and portfolio sites
- Responsive design for all devices

**Technologies we specialize in:**
- React, Next.js, Node.js
- HTML5, CSS3, JavaScript
- Modern frameworks and libraries

We can help you build fast, user-friendly websites tailored to your business needs. Would you like to schedule a consultation to discuss your web development project?"
"What mobile app development services do you provide?","We develop high-quality mobile applications for:

**Platforms:**
- iOS (iPhone & iPad)
- Android smartphones & tablets
- Cross-platform solutions

**Technologies we use:**
- React Native for cross-platform apps
- Flutter for high-performance apps
- Native development when needed

We create user-friendly, performant mobile apps that engage your audience and drive business growth. Let's discuss your mobile app idea and bring it to life!"
"Do you build e-commerce websites and online stores?","Yes! We build powerful e-commerce solutions that drive sales and enhance customer experience:

**E-commerce Services:**
- Custom online stores
- Payment gateway integration
- Inventory management systems
- Shopping cart development
- Order tracking and management

**Platforms we work with:**
- WooCommerce
- Shopify
- Custom e-commerce solutions

Ready to take your business online or upgrade your existing store?"
"What UI/UX design services do you offer?","Our design team creates stunning and intuitive user interfaces that enhance user experience and drive engagement:

**Design Services:**
- User research and analysis
- Wireframing and prototyping
- Visual design and branding
- Usability testing
- Mobile and web interface design

**Tools we use:**
- Figma for collaborative design
- Adobe Creative Suite
- User testing platforms

We conduct thorough research and testing to ensure optimal results for your users."
"What digital marketing services does Notionhive provide?","Boost your online presence with our comprehensive digital marketing services:

**Marketing Services:**
- SEO optimization
- Social media marketing
- Google Ads management
- Facebook & Instagram advertising
- Content marketing strategy
- Analytics and reporting

**Our Approach:**
- Data-driven strategies
- Maximum ROI focus
- Targeted audience reach
- Performance tracking

Our expert team helps your business reach the right audience at the right time."
"Do you provide cloud solutions and DevOps services?","Transform your business with our cloud solutions expertise:

**Cloud Services:**
- Cloud infrastructure setup
- Migration services
- Serverless architecture
- DevOps implementation
- Ongoing cloud management

**Platforms we work with:**
- AWS (Amazon Web Services)
- Microsoft Azure
- Google Cloud Platform

Our solutions ensure scalability, security, and cost-effectiveness for your applications and data."
"What consulting services do you offer?","Get expert guidance with our technical consulting services:

**Consulting Services:**
- Technology strategy consulting
- Project management
- Architecture planning
- Technology stack recommendations
- Implementation guidance
- Code reviews and audits

**Our Expertise:**
- Strategic planning
- Risk assessment
- Best practices implementation
- Performance optimization

Our experienced consultants help you make informed decisions and ensure successful project delivery from concept to completion."
"What AI and machine learning services do you provide?","Leverage the power of AI with our comprehensive artificial intelligence solutions:

**AI Services:**
- Custom chatbots and virtual assistants
- Automation systems
- Natural language processing (NLP)
- Computer vision solutions
- Machine learning models
- Data analysis and insights

**Benefits:**
- Process automation
- Data-driven insights
- Intelligent applications
- Enhanced efficiency

Our AI expertise helps businesses automate processes, gain insights from data, and create intelligent applications that drive innovation."
"Can you build a website for my business?","Absolutely! We specialize in building custom websites for businesses of all sizes. Whether you need a simple landing page, a complex web application, or an e-commerce store, our team can create a solution tailored to your specific needs using modern technologies like React, Next.js, and more."
"Do you develop mobile apps?","Yes, we develop mobile applications for both iOS and Android platforms. We use technologies like React Native and Flutter for cross-platform development, as well as native development when needed. We focus on creating user-friendly, high-performance mobile apps."
"What technologies do you work with?","We work with a wide range of modern technologies including React, Next.js, Node.js, Python, Flutter, React Native, WordPress, Shopify, AWS, Azure, Google Cloud, and many more. We stay updated with the latest technologies to provide the best solutions for our clients."
"How much do your services cost?","Our pricing varies depending on the project scope, complexity, and requirements. We offer competitive rates and provide detailed quotes after understanding your specific needs. Contact us for a free consultation and personalized quote."
"How long does it take to complete a project?","Project timelines depend on the complexity and scope of work. A simple website might take 2-4 weeks, while a complex web application or mobile app could take 2-6 months. We provide detailed timelines during the project planning phase."
"What video production and photography services do you offer?","We create compelling visual content that tells your story and engages your audience:

**Video Production Services:**
- Corporate videos and commercials
- Product demonstration videos
- Social media video content
- Event coverage and documentation
- Animation and motion graphics
- Video editing and post-production

**Photography Services:**
- Product photography
- Corporate headshots and team photos
- Event photography
- Brand and lifestyle photography
- E-commerce product shoots

Our creative team delivers high-quality visual content that elevates your brand and connects with your audience."
"Do you provide branding and communication services?","Yes! We help businesses build strong brand identities and effective communication strategies:

**Branding Services:**
- Logo design and brand identity
- Brand strategy and positioning
- Visual identity systems
- Brand guidelines and standards
- Rebranding and brand refresh
- Brand messaging and voice

**Communication Services:**
- Content strategy and copywriting
- Marketing collateral design
- Social media content creation
- Email marketing campaigns
- Public relations support

We create cohesive brand experiences that resonate with your target audience and differentiate you from competitors."
"What SEO services do you provide?","Boost your online visibility and drive organic traffic with our comprehensive SEO services:

**SEO Services:**
- Keyword research and analysis
- On-page SEO optimization
- Technical SEO audits and fixes
- Content optimization and strategy
- Link building and outreach
- Local SEO for businesses
- SEO performance tracking and reporting

**Our SEO Approach:**
- Data-driven strategies
- White-hat techniques only
- Continuous monitoring and optimization
- Transparent reporting and insights

Our proven SEO strategies help your business rank higher in search results and attract more qualified leads."
"Do you offer resource augmentation services?","Absolutely! We provide skilled professionals to extend your team capabilities and accelerate your projects:

**Resource Augmentation Services:**
- Dedicated developers and designers
- Project-based team extensions
- Specialized skill sets on-demand
- Short-term and long-term engagements
- Remote and on-site professionals
- Quality assurance and testing specialists

**Our Professionals:**
- Full-stack developers
- Frontend and backend specialists
- UI/UX designers
- DevOps engineers
- QA testers and analysts

Scale your team quickly with our experienced professionals who integrate seamlessly with your existing workflows."
"How can I contact Notionhive?","You can reach us easily through multiple channels:

**Phone:** [+880 140 447 4990](tel:+8801404474990) ðŸ“ž

**Email:** [hello@notionhive.com](mailto:hello@notionhive.com) ðŸ“§

**Website:** [notionhive.com](https://notionhive.com)

We're available during business hours and always ready to discuss your project needs. Feel free to call or email us anytime!"
"What is Notionhive's phone number?","You can call us at [+880 140 447 4990](tel:+8801404474990) ðŸ“ž. We're available during business hours and would love to discuss your project requirements!"
"What is Notionhive's email address?","You can email us at [hello@notionhive.com](mailto:hello@notionhive.com) ðŸ“§. We typically respond within 24 hours and are always excited to hear about new projects!"
"How do I get in touch with your team?","Getting in touch is easy! Here are the best ways to reach our team:

**For project inquiries:** [hello@notionhive.com](mailto:hello@notionhive.com) ðŸ“§

**For quick questions:** [+880 140 447 4990](tel:+8801404474990) ðŸ“ž

**Website:** [notionhive.com](https://notionhive.com)

We're responsive, friendly, and always excited to discuss how we can help bring your ideas to life!"